Type,Date,Part of a policing operation,Policing operation,Latitude,Longitude,Gender,Age range,Self-defined ethnicity,Officer-defined ethnicity,Legislation,Object of search,Outcome,Outcome linked to object of search,Removal of more than just outer clothing
Person search,2026-07-01T05:20:00+00:00,False,,54.779279,-1.555572,Male,over 34,White - English/Welsh/Scottish/Northern Irish/British,White,Misuse of Drugs Act 1971 (section 23),Controlled drugs,A no further action disposal,False,False
Person search,2026-07-01T13:56:00+00:00,False,,54.762307,-1.382168,Male,10-17,White - English/Welsh/Scottish/Northern Irish/British,White,Misuse of Drugs Act 1971 (section 23),Controlled drugs,,False,False
Person and Vehicle search,2026-07-01T21:00:00+00:00,False,,54.854289,-1.586367,Male,25-34,White - English/Welsh/Scottish/Northern Irish/British,White,Misuse of Drugs Act 1971 (section 23),Controlled drugs,Arrest,False,False
Person search,2026-07-01T21:15:00+00:00,False,,54.851234,-1.829707,Male,25-34,White - Any other White background,White,Police and Criminal Evidence Act 1984 (section 1),Articles for use in criminal damage,A no further action disposal,False,False
Person search,2026-07-02T02:38:00+00:00,True,,54.723021,-1.645614,Female,25-34,White - English/Welsh/Scottish/Northern Irish/British,White,Police and Criminal Evidence Act 1984 (section 1),Article for use in theft,Arrest,True,False
Person and Vehicle search,2026-07-02T16:02:00+00:00,False,,54.801200,-1.674709,Male,25-34,White - English/Welsh/Scottish/Northern Irish/British,White,Misuse of Drugs Act 1971 (section 23),Controlled drugs,Arrest,True,False
Person search,2026-07-02T16:07:00+00:00,False,,54.800817,-1.670943,Male,25-34,White - English/Welsh/Scottish/Northern Irish/British,White,Misuse of Drugs Act 1971 (section 23),Controlled drugs,Arrest,True,False
Person search,2026-07-02T21:47:00+00:00,False,,54.515195,-2.031370,Male,18-24,White - English/Welsh/Scottish/Northern Irish/British,White,Misuse of Drugs Act 1971 (section 23),Controlled drugs,A no further action disposal,False,False
Person search,2026-07-02T21:47:00+00:00,False,,54.515195,-2.031370,Male,18-24,White - English/Welsh/Scottish/Northern Irish/British,White,Misuse of Drugs Act 1971 (section 23),Controlled drugs,A no further action disposal,False,False
Person search,2026-07-02T21:50:00+00:00,False,,54.505402,-1.893411,Male,18-24,White - English/Welsh/Scottish/Northern Irish/British,White,Misuse of Drugs Act 1971 (section 23),Controlled drugs,A no further action disposal,False,False
Person and Vehicle search,2026-07-02T21:50:00+00:00,False,,54.515195,-2.031370,Male,18-24,White - English/Welsh/Scottish/Northern Irish/British,White,Misuse of Drugs Act 1971 (section 23),Controlled drugs,Community resolution,True,False
Person search,2026-07-02T21:50:00+00:00,False,,54.505402,-1.893411,Male,18-24,White - English/Welsh/Scottish/Northern Irish/British,White,Misuse of Drugs Act 1971 (section 23),Controlled drugs,A no further action disposal,False,False
Person search,2026-07-02T23:51:00+00:00,False,,54.624218,-1.590205,Male,18-24,White - English/Welsh/Scottish/Northern Irish/British,White,Police and Criminal Evidence Act 1984 (section 1),Offensive weapons,A no further action disposal,False,False
Person search,2026-07-02T23:51:00+00:00,False,,54.624218,-1.590205,Male,18-24,Other ethnic group - Not stated,White,Police and Criminal Evidence Act 1984 (section 1),Offensive weapons,A no further action disposal,False,False
Person search,2026-07-03T00:19:00+00:00,False,,54.545210,-1.548596,Male,over 34,White - English/Welsh/Scottish/Northern Irish/British,White,Police and Criminal Evidence Act 1984 (section 1),Article for use in theft,,False,False
Person search,2026-07-03T04:04:00+00:00,False,,54.774391,-1.541495,Male,over 34,White - English/Welsh/Scottish/Northern Irish/British,White,Misuse of Drugs Act 1971 (section 23),Controlled drugs,A no further action disposal,False,False
Person search,2026-07-03T07:04:00+00:00,False,,54.683020,-1.555134,Male,18-24,White - English/Welsh/Scottish/Northern Irish/British,White,Police and Criminal Evidence Act 1984 (section 1),Article for use in theft,Arrest,False,False
Person and Vehicle search,2026-07-03T20:10:00+00:00,False,,54.585420,-1.760784,Male,25-34,White - English/Welsh/Scottish/Northern Irish/British,White,Misuse of Drugs Act 1971 (section 23),Controlled drugs,Khat or Cannabis warning,False,False
Person and Vehicle search,2026-07-03T20:10:00+00:00,False,,54.585420,-1.760784,Female,18-24,White - English/Welsh/Scottish/Northern Irish/British,White,Misuse of Drugs Act 1971 (section 23),Controlled drugs,A no further action disposal,False,False
Person and Vehicle search,2026-07-03T20:10:00+00:00,False,,54.585420,-1.760784,Male,over 34,White - English/Welsh/Scottish/Northern Irish/British,White,Misuse of Drugs Act 1971 (section 23),Controlled drugs,A no further action disposal,False,False
Person search,2026-07-03T20:47:00+00:00,False,,54.814871,-1.377071,Male,25-34,White - English/Welsh/Scottish/Northern Irish/British,White,Police and Criminal Evidence Act 1984 (section 1),Article for use in theft,,False,False
Person and Vehicle search,2026-07-03T23:30:00+00:00,False,,54.661720,-1.650752,Male,over 34,White - English/Welsh/Scottish/Northern Irish/British,White,Misuse of Drugs Act 1971 (section 23),Controlled drugs,Arrest,True,False
Person search,2026-07-04T00:10:00+00:00,False,,54.622605,-1.568276,Female,10-17,White - English/Welsh/Scottish/Northern Irish/British,White,Police and Criminal Evidence Act 1984 (section 1),Offensive weapons,A no further action disposal,False,False
Person search,2026-07-04T02:00:00+00:00,False,,54.843286,-1.853907,Female,18-24,White - English/Welsh/Scottish/Northern Irish/British,White,Misuse of Drugs Act 1971 (section 23),Controlled drugs,A no further action disposal,False,False
Person search,2026-07-04T03:00:00+00:00,False,,54.489637,-1.492600,Other,10-17,Mixed/Multiple ethnic groups - Any other Mixed/Multiple ethnic background,Black,Misuse of Drugs Act 1971 (section 23),Controlled drugs,A no further action disposal,False,False
Person search,2026-07-04T03:10:00+00:00,False,,54.658221,-1.675552,Female,10-17,White - English/Welsh/Scottish/Northern Irish/British,White,Police and Criminal Evidence Act 1984 (section 1),Offensive weapons,A no further action disposal,True,False
Person search,2026-07-04T03:12:00+00:00,True,,54.661010,-1.676739,Female,10-17,White - English/Welsh/Scottish/Northern Irish/British,White,Police and Criminal Evidence Act 1984 (section 1),Offensive weapons,A no further action disposal,False,False
Person search,2026-07-04T04:17:00+00:00,True,,54.624326,-1.569559,Male,10-17,White - English/Welsh/Scottish/Northern Irish/British,White,Police and Criminal Evidence Act 1984 (section 1),Article for use in theft,A no further action disposal,False,False
Person search,2026-07-04T04:17:00+00:00,True,,54.624326,-1.569559,Male,18-24,White - English/Welsh/Scottish/Northern Irish/British,White,Police and Criminal Evidence Act 1984 (section 1),Article for use in theft,A no further action disposal,False,False
Person and Vehicle search,2026-07-04T10:39:00+00:00,False,,54.765031,-1.396642,Female,over 34,White - English/Welsh/Scottish/Northern Irish/British,White,Misuse of Drugs Act 1971 (section 23),Controlled drugs,A no further action disposal,False,False
Person search,2026-07-04T11:29:00+00:00,False,,54.538799,-1.557414,Male,25-34,White - English/Welsh/Scottish/Northern Irish/British,White,Police and Criminal Evidence Act 1984 (section 1),Offensive weapons,Arrest,True,False
Person search,2026-07-04T21:05:00+00:00,False,,54.759209,-1.333420,Male,25-34,White - English/Welsh/Scottish/Northern Irish/British,White,Police and Criminal Evidence Act 1984 (section 1),Offensive weapons,Arrest,False,False
Person search,2026-07-04T21:08:00+00:00,False,,54.759209,-1.333420,Male,25-34,White - English/Welsh/Scottish/Northern Irish/British,White,Police and Criminal Evidence Act 1984 (section 1),Offensive weapons,,True,False
Person search,2026-07-05T01:20:00+00:00,False,,54.846760,-1.523046,Female,18-24,White - English/Welsh/Scottish/Northern Irish/British,White,Misuse of Drugs Act 1971 (section 23),Controlled drugs,A no further action disposal,False,False
Person search,2026-07-05T02:04:00+00:00,False,,54.687861,-1.556648,Male,18-24,White - English/Welsh/Scottish/Northern Irish/British,White,Police and Criminal Evidence Act 1984 (section 1),Article for use in theft,A no further action disposal,False,False
Person search,2026-07-05T02:40:00+00:00,False,,54.523598,-1.566153,Male,over 34,White - English/Welsh/Scottish/Northern Irish/British,White,Police and Criminal Evidence Act 1984 (section 1),Stolen goods,A no further action disposal,False,False
Person search,2026-07-05T05:49:00+00:00,False,,54.777617,-1.714661,Male,10-17,White - English/Welsh/Scottish/Northern Irish/British,White,Police and Criminal Evidence Act 1984 (section 1),Offensive weapons,Arrest,False,False
Person search,2026-07-05T13:37:00+00:00,False,,54.748797,-1.631361,Female,18-24,White - English/Welsh/Scottish/Northern Irish/British,White,Misuse of Drugs Act 1971 (section 23),Controlled drugs,A no further action disposal,False,False
Person search,2026-07-05T20:00:00+00:00,False,,54.775049,-1.535051,Male,over 34,White - English/Welsh/Scottish/Northern Irish/British,White,Misuse of Drugs Act 1971 (section 23),Controlled drugs,,True,False
Person search,2026-07-05T23:12:00+00:00,False,,54.621948,-1.596764,Male,10-17,Other ethnic group - Not stated,White,Police and Criminal Evidence Act 1984 (section 1),Article for use in theft,A no further action disposal,False,False
Person search,2026-07-05T23:13:00+00:00,True,,54.621948,-1.596764,Male,18-24,White - English/Welsh/Scottish/Northern Irish/British,White,Police and Criminal Evidence Act 1984 (section 1),Offensive weapons,A no further action disposal,False,False
Person search,2026-07-05T23:24:00+00:00,False,,54.772665,-1.703115,Female,18-24,White - English/Welsh/Scottish/Northern Irish/British,White,Misuse of Drugs Act 1971 (section 23),Controlled drugs,A no further action disposal,False,False
Person search,2026-07-05T23:37:00+00:00,False,,54.772665,-1.703115,Male,10-17,White - English/Welsh/Scottish/Northern Irish/British,White,Misuse of Drugs Act 1971 (section 23),Controlled drugs,A no further action disposal,False,False
Person search,2026-07-06T13:15:00+00:00,False,,54.777695,-1.575473,Male,25-34,White - English/Welsh/Scottish/Northern Irish/British,White,Misuse of Drugs Act 1971 (section 23),Controlled drugs,A no further action disposal,False,False
Person search,2026-07-06T19:00:00+00:00,False,,54.660973,-1.675980,Male,10-17,White - English/Welsh/Scottish/Northern Irish/British,White,Police and Criminal Evidence Act 1984 (section 1),Article for use in theft,A no further action disposal,False,False
Person and Vehicle search,2026-07-06T19:16:00+00:00,False,,54.788282,-1.322259,Male,18-24,White - English/Welsh/Scottish/Northern Irish/British,White,Police and Criminal Evidence Act 1984 (section 1),Controlled drugs,A no further action disposal,False,False
Person search,2026-07-06T19:53:00+00:00,False,,54.817431,-1.383895,Male,10-17,White - English/Welsh/Scottish/Northern Irish/British,White,Police and Criminal Evidence Act 1984 (section 1),Stolen goods,A no further action disposal,False,False
Person search,2026-07-06T19:54:00+00:00,False,,54.818103,-1.387090,Male,10-17,White - English/Welsh/Scottish/Northern Irish/British,White,Police and Criminal Evidence Act 1984 (section 1),Article for use in theft,A no further action disposal,False,False
Person search,2026-07-06T19:54:00+00:00,False,,54.818103,-1.387090,Male,10-17,White - English/Welsh/Scottish/Northern Irish/British,White,Police and Criminal Evidence Act 1984 (section 1),Article for use in theft,A no further action disposal,False,False
Person search,2026-07-07T03:14:00+00:00,False,,54.566924,-1.689098,Female,25-34,White - English/Welsh/Scottish/Northern Irish/British,White,Police and Criminal Evidence Act 1984 (section 1),Article for use in theft,Arrest,False,False
Person search,2026-07-07T03:15:00+00:00,False,,54.566924,-1.689098,Male,25-34,,Asian,Police and Criminal Evidence Act 1984 (section 1),Article for use in theft,Arrest,True,False
Person search,2026-07-07T03:16:00+00:00,False,,54.566924,-1.689098,Male,over 34,,Asian,Police and Criminal Evidence Act 1984 (section 1),Article for use in theft,Arrest,True,False
Person search,2026-07-07T07:07:00+00:00,False,,54.789148,-1.592273,Female,10-17,Other ethnic group - Not stated,White,Police and Criminal Evidence Act 1984 (section 1),Offensive weapons,A no further action disposal,False,False
Person search,2026-07-07T11:13:00+00:00,False,,54.524571,-1.554509,Female,over 34,White - English/Welsh/Scottish/Northern Irish/British,White,Police and Criminal Evidence Act 1984 (section 1),Stolen goods,A no further action disposal,False,False
Person search,2026-07-07T17:28:00+00:00,False,,54.871801,-1.691511,Male,over 34,White - English/Welsh/Scottish/Northern Irish/British,White,Police and Criminal Evidence Act 1984 (section 1),Offensive weapons,Community resolution,True,False
Person search,2026-07-07T19:30:00+00:00,False,,54.661886,-1.674686,Male,10-17,White - English/Welsh/Scottish/Northern Irish/British,White,Police and Criminal Evidence Act 1984 (section 1),Article for use in theft,A no further action disposal,False,False
Person and Vehicle search,2026-07-07T22:31:00+00:00,False,,54.313831,-1.569038,Male,25-34,White - Any other White background,White,Police and Criminal Evidence Act 1984 (section 1),Stolen goods,A no further action disposal,False,False
Person search,2026-07-08T00:05:00+00:00,False,,54.765960,-1.333729,Male,over 34,White - English/Welsh/Scottish/Northern Irish/British,White,Police and Criminal Evidence Act 1984 (section 1),Article for use in theft,Arrest,True,False
Person and Vehicle search,2026-07-08T00:50:00+00:00,False,,54.515788,-1.527758,Male,25-34,White - English/Welsh/Scottish/Northern Irish/British,White,Police and Criminal Evidence Act 1984 (section 1),Article for use in theft,A no further action disposal,False,False
Person search,2026-07-08T00:50:00+00:00,False,,54.515788,-1.527758,Male,25-34,White - English/Welsh/Scottish/Northern Irish/British,White,Police and Criminal Evidence Act 1984 (section 1),Article for use in theft,A no further action disposal,False,False
Person search,2026-07-08T04:06:00+00:00,False,,54.851157,-1.831844,Male,over 34,White - English/Welsh/Scottish/Northern Irish/British,White,Police and Criminal Evidence Act 1984 (section 1),Stolen goods,,False,False
Person search,2026-07-08T04:15:00+00:00,False,,54.854291,-1.830675,Male,over 34,White - English/Welsh/Scottish/Northern Irish/British,White,Police and Criminal Evidence Act 1984 (section 1),Article for use in theft,Community resolution,False,False
Person search,2026-07-08T12:30:00+00:00,False,,54.716069,-1.530091,Male,18-24,White - English/Welsh/Scottish/Northern Irish/British,White,Misuse of Drugs Act 1971 (section 23),Controlled drugs,Summons / charged by post,True,False
Person search,2026-07-08T17:13:00+00:00,False,,54.531347,-1.554389,Male,10-17,White - English/Welsh/Scottish/Northern Irish/British,White,Misuse of Drugs Act 1971 (section 23),Controlled drugs,,False,False
Person search,2026-07-09T03:50:00+00:00,False,,54.761402,-1.387978,Female,18-24,White - English/Welsh/Scottish/Northern Irish/British,White,Misuse of Drugs Act 1971 (section 23),Controlled drugs,A no further action disposal,True,False
Person search,2026-07-09T17:16:00+00:00,False,,54.780400,-1.583187,Female,10-17,White - English/Welsh/Scottish/Northern Irish/British,White,Police and Criminal Evidence Act 1984 (section 1),Offensive weapons,,False,False
Person search,2026-07-09T17:33:00+00:00,False,,54.531337,-1.559117,Male,over 34,White - English/Welsh/Scottish/Northern Irish/British,White,Police and Criminal Evidence Act 1984 (section 1),Article for use in theft,Community resolution,False,False
Person search,2026-07-10T01:10:00+00:00,True,,54.600044,-1.562230,Male,18-24,White - English/Welsh/Scottish/Northern Irish/British,White,Misuse of Drugs Act 1971 (section 23),Controlled drugs,Arrest,True,False
Vehicle search,2026-07-10T01:10:00+00:00,True,,54.600044,-1.562230,,,,,Misuse of Drugs Act 1971 (section 23),Controlled drugs,,True,False
Person search,2026-07-10T01:30:00+00:00,True,,54.600044,-1.562230,Male,18-24,White - English/Welsh/Scottish/Northern Irish/British,White,Misuse of Drugs Act 1971 (section 23),Controlled drugs,Arrest,True,False
Person search,2026-07-10T02:08:00+00:00,False,,54.784312,-1.532022,Male,10-17,Other ethnic group - Not stated,Other,Police and Criminal Evidence Act 1984 (section 1),Offensive weapons,,True,False
Person search,2026-07-10T03:40:00+00:00,False,,54.856622,-1.736893,Male,over 34,White - English/Welsh/Scottish/Northern Irish/British,White,Police and Criminal Evidence Act 1984 (section 1),Stolen goods,A no further action disposal,False,False
Person search,2026-07-10T04:30:00+00:00,False,,54.660707,-1.630360,Male,25-34,White - English/Welsh/Scottish/Northern Irish/British,White,Misuse of Drugs Act 1971 (section 23),Controlled drugs,A no further action disposal,False,False
Person and Vehicle search,2026-07-10T04:30:00+00:00,False,,54.660707,-1.630360,Male,18-24,White - English/Welsh/Scottish/Northern Irish/British,White,Misuse of Drugs Act 1971 (section 23),Controlled drugs,A no further action disposal,False,False
Person search,2026-07-10T04:40:00+00:00,False,,54.789148,-1.592273,Male,18-24,White - English/Welsh/Scottish/Northern Irish/British,White,Misuse of Drugs Act 1971 (section 23),Controlled drugs,A no further action disposal,False,False
Person search,2026-07-10T09:41:00+00:00,False,,54.660990,-1.679266,Male,over 34,White - English/Welsh/Scottish/Northern Irish/British,White,Misuse of Drugs Act 1971 (section 23),Controlled drugs,A no further action disposal,False,False
Person and Vehicle search,2026-07-10T10:17:00+00:00,False,,54.644623,-1.640005,Male,over 34,White - English/Welsh/Scottish/Northern Irish/British,White,Misuse of Drugs Act 1971 (section 23),Controlled drugs,Community resolution,False,False
Person search,2026-07-10T16:59:00+00:00,False,,54.518465,-1.563396,Male,over 34,White - English/Welsh/Scottish/Northern Irish/British,White,Police and Criminal Evidence Act 1984 (section 1),Offensive weapons,A no further action disposal,True,False
Person search,2026-07-10T20:36:00+00:00,False,,54.524571,-1.554509,Male,over 34,White - English/Welsh/Scottish/Northern Irish/British,White,Police and Criminal Evidence Act 1984 (section 1),Stolen goods,Arrest,True,False
Person search,2026-07-11T02:07:00+00:00,False,,54.532852,-1.563057,Female,18-24,White - English/Welsh/Scottish/Northern Irish/British,White,Police and Criminal Evidence Act 1984 (section 1),Offensive weapons,A no further action disposal,False,False
Person search,2026-07-11T03:47:00+00:00,False,,54.547750,-1.559775,Male,10-17,White - English/Welsh/Scottish/Northern Irish/British,White,Misuse of Drugs Act 1971 (section 23),Controlled drugs,A no further action disposal,False,False
Person search,2026-07-11T03:50:00+00:00,False,,54.547750,-1.559775,Male,10-17,Other ethnic group - Not stated,Black,Misuse of Drugs Act 1971 (section 23),Controlled drugs,A no further action disposal,False,False
Person search,2026-07-11T13:47:00+00:00,False,,54.778850,-1.581757,Male,over 34,White - English/Welsh/Scottish/Northern Irish/British,White,Misuse of Drugs Act 1971 (section 23),Controlled drugs,A no further action disposal,False,False
Person search,2026-07-11T20:30:00+00:00,False,,54.871902,-1.695656,Male,25-34,White - English/Welsh/Scottish/Northern Irish/British,White,Police and Criminal Evidence Act 1984 (section 1),Offensive weapons,Community resolution,True,False
Person search,2026-07-12T00:44:00+00:00,False,,54.525005,-1.557548,Male,18-24,White - English/Welsh/Scottish/Northern Irish/British,White,Police and Criminal Evidence Act 1984 (section 1),Offensive weapons,Arrest,True,False
Person search,2026-07-12T15:13:00+00:00,False,,54.524522,-1.548468,Male,10-17,White - English/Welsh/Scottish/Northern Irish/British,White,Police and Criminal Evidence Act 1984 (section 1),Stolen goods,Arrest,False,False
Person search,2026-07-12T16:15:00+00:00,False,,54.526226,-1.547615,Male,18-24,White - English/Welsh/Scottish/Northern Irish/British,White,Police and Criminal Evidence Act 1984 (section 1),Stolen goods,Arrest,False,False
Person search,2026-07-12T16:15:00+00:00,False,,54.524522,-1.548468,Male,10-17,White - English/Welsh/Scottish/Northern Irish/British,White,Police and Criminal Evidence Act 1984 (section 1),Stolen goods,Arrest,True,False
Person search,2026-07-13T12:20:00+00:00,False,,54.817928,-1.386237,Female,25-34,White - English/Welsh/Scottish/Northern Irish/British,White,Misuse of Drugs Act 1971 (section 23),Controlled drugs,A no further action disposal,False,False
Person search,2026-07-13T14:30:00+00:00,False,,54.761991,-1.313296,Male,25-34,White - English/Welsh/Scottish/Northern Irish/British,White,Misuse of Drugs Act 1971 (section 23),Controlled drugs,A no further action disposal,False,False
Person search,2026-07-13T14:30:00+00:00,False,,54.761991,-1.313296,Male,25-34,White - English/Welsh/Scottish/Northern Irish/British,White,Misuse of Drugs Act 1971 (section 23),Controlled drugs,A no further action disposal,False,False
Person search,2026-07-13T15:03:00+00:00,False,,54.746732,-1.293079,Female,over 34,White - English/Welsh/Scottish/Northern Irish/British,White,Misuse of Drugs Act 1971 (section 23),Controlled drugs,A no further action disposal,False,False
Person search,2026-07-13T23:45:00+00:00,False,,54.789148,-1.592273,Female,over 34,White - English/Welsh/Scottish/Northern Irish/British,White,Misuse of Drugs Act 1971 (section 23),Controlled drugs,A no further action disposal,True,False
Vehicle search,2026-07-14T00:18:00+00:00,False,,54.747021,-1.411140,,,,,Police and Criminal Evidence Act 1984 (section 1),Offensive weapons,A no further action disposal,False,False
Person search,2026-07-14T00:38:00+00:00,True,,54.615621,-1.591345,Other,10-17,White - English/Welsh/Scottish/Northern Irish/British,White,Police and Criminal Evidence Act 1984 (section 1),Article for use in theft,A no further action disposal,False,False
Person search,2026-07-14T00:40:00+00:00,False,,54.526026,-1.519080,Male,10-17,White - English/Welsh/Scottish/Northern Irish/British,White,Misuse of Drugs Act 1971 (section 23),Controlled drugs,A no further action disposal,False,False
Person search,2026-07-14T03:30:00+00:00,False,,54.867881,-1.701342,Male,over 34,White - English/Welsh/Scottish/Northern Irish/British,White,Police and Criminal Evidence Act 1984 (section 1),Article for use in theft,Arrest,True,False
Person search,2026-07-14T12:45:00+00:00,False,,54.531658,-1.560876,Male,over 34,White - English/Welsh/Scottish/Northern Irish/British,White,Misuse of Drugs Act 1971 (section 23),Controlled drugs,Community resolution,True,False
Person search,2026-07-14T19:49:00+00:00,False,,54.697421,-1.605589,Male,25-34,White - English/Welsh/Scottish/Northern Irish/British,White,Misuse of Drugs Act 1971 (section 23),Controlled drugs,A no further action disposal,False,False
Person search,2026-07-14T22:10:00+00:00,False,,54.821627,-1.632146,Male,over 34,White - English/Welsh/Scottish/Northern Irish/British,White,Police and Criminal Evidence Act 1984 (section 1),Article for use in theft,Arrest,True,False
Person search,2026-07-15T18:20:00+00:00,False,,54.524521,-1.555436,Male,18-24,White - English/Welsh/Scottish/Northern Irish/British,White,Police and Criminal Evidence Act 1984 (section 1),Offensive weapons,Community resolution,False,False
Person search,2026-07-15T18:51:00+00:00,False,,54.774680,-1.340846,Male,over 34,White - English/Welsh/Scottish/Northern Irish/British,White,Misuse of Drugs Act 1971 (section 23),Controlled drugs,A no further action disposal,False,False
Person search,2026-07-15T20:38:00+00:00,True,,54.524521,-1.555436,Male,18-24,White - English/Welsh/Scottish/Northern Irish/British,White,Police and Criminal Evidence Act 1984 (section 1),Offensive weapons,A no further action disposal,False,False
Person search,2026-07-15T21:00:00+00:00,True,,54.759158,-1.340383,Male,25-34,White - English/Welsh/Scottish/Northern Irish/British,White,Misuse of Drugs Act 1971 (section 23),Controlled drugs,,True,False
Person search,2026-07-15T21:19:00+00:00,False,,54.763340,-1.310320,Male,18-24,White - English/Welsh/Scottish/Northern Irish/British,White,Police and Criminal Evidence Act 1984 (section 1),Stolen goods,A no further action disposal,False,False
Person and Vehicle search,2026-07-15T21:29:00+00:00,False,,54.760861,-1.316858,Other,over 34,White - English/Welsh/Scottish/Northern Irish/British,White,Misuse of Drugs Act 1971 (section 23),Controlled drugs,A no further action disposal,False,False
Person search,2026-07-15T22:41:00+00:00,False,,54.764629,-1.336782,Male,18-24,Other ethnic group - Not stated,White,Misuse of Drugs Act 1971 (section 23),Controlled drugs,A no further action disposal,False,False
Vehicle search,2026-07-15T22:45:00+00:00,False,,54.758787,-1.330195,,,,,Misuse of Drugs Act 1971 (section 23),Controlled drugs,A no further action disposal,False,False
Person search,2026-07-16T16:55:00+00:00,False,,54.757453,-1.324623,Male,18-24,White - English/Welsh/Scottish/Northern Irish/British,White,Misuse of Drugs Act 1971 (section 23),Controlled drugs,A no further action disposal,False,False
Person search,2026-07-16T17:54:00+00:00,False,,54.757054,-1.327147,Female,over 34,White - English/Welsh/Scottish/Northern Irish/British,White,Misuse of Drugs Act 1971 (section 23),Controlled drugs,A no further action disposal,False,False
Person search,2026-07-16T20:12:00+00:00,False,,54.869069,-1.698497,Male,10-17,White - English/Welsh/Scottish/Northern Irish/British,White,Police and Criminal Evidence Act 1984 (section 1),Offensive weapons,A no further action disposal,False,False
Person search,2026-07-16T20:12:00+00:00,False,,54.869069,-1.698497,Male,10-17,White - English/Welsh/Scottish/Northern Irish/British,White,Police and Criminal Evidence Act 1984 (section 1),Offensive weapons,Community resolution,True,False
Person search,2026-07-16T20:12:00+00:00,False,,54.869069,-1.698497,Male,10-17,White - English/Welsh/Scottish/Northern Irish/British,White,Police and Criminal Evidence Act 1984 (section 1),Offensive weapons,A no further action disposal,True,False
Person search,2026-07-16T21:11:00+00:00,False,,54.869069,-1.698497,Male,18-24,White - English/Welsh/Scottish/Northern Irish/British,White,Police and Criminal Evidence Act 1984 (section 1),Offensive weapons,A no further action disposal,False,True
Person search,2026-07-17T09:00:00+00:00,False,,54.719641,-1.400545,Male,10-17,White - English/Welsh/Scottish/Northern Irish/British,White,Misuse of Drugs Act 1971 (section 23),Controlled drugs,Arrest,False,False
Person search,2026-07-17T09:03:00+00:00,False,,54.719641,-1.400545,Male,10-17,White - English/Welsh/Scottish/Northern Irish/British,White,Misuse of Drugs Act 1971 (section 23),Controlled drugs,Arrest,False,False
Person search,2026-07-17T09:03:00+00:00,False,,54.719641,-1.400545,Male,18-24,White - English/Welsh/Scottish/Northern Irish/British,White,Misuse of Drugs Act 1971 (section 23),Controlled drugs,Arrest,False,False
Vehicle search,2026-07-17T09:03:00+00:00,False,,54.719641,-1.400545,,,,,Misuse of Drugs Act 1971 (section 23),Controlled drugs,,False,False
Person and Vehicle search,2026-07-17T14:46:00+00:00,False,,54.851017,-1.755168,Male,over 34,White - English/Welsh/Scottish/Northern Irish/British,White,Misuse of Drugs Act 1971 (section 23),Controlled drugs,A no further action disposal,False,True
Person search,2026-07-17T15:57:00+00:00,False,,54.636005,-1.655666,Other,18-24,Other ethnic group - Not stated,White,Misuse of Drugs Act 1971 (section 23),Controlled drugs,A no further action disposal,False,False
Person search,2026-07-17T19:37:00+00:00,False,,54.748140,-1.287944,Male,over 34,Other ethnic group - Not stated,White,Police and Criminal Evidence Act 1984 (section 1),Stolen goods,A no further action disposal,False,False
Person and Vehicle search,2026-07-17T21:57:00+00:00,False,,54.764421,-1.355000,Male,18-24,White - English/Welsh/Scottish/Northern Irish/British,White,Misuse of Drugs Act 1971 (section 23),Controlled drugs,A no further action disposal,False,False
Person search,2026-07-18T00:20:00+00:00,False,,54.653404,-1.678628,Male,25-34,White - English/Welsh/Scottish/Northern Irish/British,White,Misuse of Drugs Act 1971 (section 23),Controlled drugs,,False,False
Vehicle search,2026-07-18T00:26:00+00:00,False,,54.716981,-1.601674,,,,,Misuse of Drugs Act 1971 (section 23),Controlled drugs,,True,False
Person search,2026-07-18T01:06:00+00:00,False,,54.749292,-1.625437,Male,25-34,White - English/Welsh/Scottish/Northern Irish/British,White,Misuse of Drugs Act 1971 (section 23),Controlled drugs,A no further action disposal,False,False
Person and Vehicle search,2026-07-18T01:30:00+00:00,False,,54.749292,-1.625437,Other,25-34,White - English/Welsh/Scottish/Northern Irish/British,White,Misuse of Drugs Act 1971 (section 23),Controlled drugs,A no further action disposal,False,False
Vehicle search,2026-07-18T01:30:00+00:00,False,,54.749292,-1.625437,,,,,Misuse of Drugs Act 1971 (section 23),Controlled drugs,,False,False
Person search,2026-07-18T01:50:00+00:00,False,,54.815657,-1.381510,Male,over 34,White - English/Welsh/Scottish/Northern Irish/British,White,Misuse of Drugs Act 1971 (section 23),Controlled drugs,A no further action disposal,False,False
Person search,2026-07-18T02:00:00+00:00,False,,54.815657,-1.381510,Male,25-34,White - English/Welsh/Scottish/Northern Irish/British,White,Misuse of Drugs Act 1971 (section 23),Controlled drugs,A no further action disposal,False,False
Person search,2026-07-18T02:00:00+00:00,False,,54.765363,-1.592962,Male,25-34,White - English/Welsh/Scottish/Northern Irish/British,White,Misuse of Drugs Act 1971 (section 23),Controlled drugs,A no further action disposal,False,False
Person search,2026-07-18T15:30:00+00:00,False,,54.776040,-1.542657,Female,25-34,White - English/Welsh/Scottish/Northern Irish/British,White,Police and Criminal Evidence Act 1984 (section 1),Article for use in theft,Community resolution,False,False
Person search,2026-07-18T16:30:00+00:00,False,,54.776040,-1.542657,Male,25-34,White - English/Welsh/Scottish/Northern Irish/British,White,Police and Criminal Evidence Act 1984 (section 1),Article for use in theft,Community resolution,False,False
Person search,2026-07-18T18:07:00+00:00,False,,54.865302,-1.566966,Male,25-34,White - English/Welsh/Scottish/Northern Irish/British,White,Police and Criminal Evidence Act 1984 (section 1),Article for use in theft,Arrest,False,False
Person and Vehicle search,2026-07-19T01:06:00+00:00,False,,54.865483,-1.585489,Male,18-24,Other ethnic group - Not stated,White,Police and Criminal Evidence Act 1984 (section 1),Article for use in theft,A no further action disposal,False,False
Person and Vehicle search,2026-07-19T01:06:00+00:00,False,,54.865483,-1.585489,Male,18-24,Other ethnic group - Not stated,White,Police and Criminal Evidence Act 1984 (section 1),Article for use in theft,A no further action disposal,False,False
Person and Vehicle search,2026-07-19T01:06:00+00:00,False,,54.865483,-1.585489,Male,18-24,Other ethnic group - Not stated,White,Police and Criminal Evidence Act 1984 (section 1),Article for use in theft,Arrest,False,False
Person search,2026-07-19T01:50:00+00:00,False,,54.820781,-1.383424,Male,over 34,White - English/Welsh/Scottish/Northern Irish/British,White,Misuse of Drugs Act 1971 (section 23),Controlled drugs,A no further action disposal,False,False
Person search,2026-07-19T01:52:00+00:00,False,,54.820781,-1.383424,Male,over 34,White - English/Welsh/Scottish/Northern Irish/British,White,Misuse of Drugs Act 1971 (section 23),Controlled drugs,Community resolution,True,False
Vehicle search,2026-07-19T01:52:00+00:00,False,,54.820781,-1.383424,,,,,Misuse of Drugs Act 1971 (section 23),Controlled drugs,A no further action disposal,False,False
Person search,2026-07-19T02:03:00+00:00,False,,54.769780,-1.597037,Male,18-24,White - English/Welsh/Scottish/Northern Irish/British,White,Misuse of Drugs Act 1971 (section 23),Controlled drugs,A no further action disposal,False,False
Vehicle search,2026-07-19T02:03:00+00:00,False,,54.772458,-1.594430,,,,,Misuse of Drugs Act 1971 (section 23),Controlled drugs,A no further action disposal,False,False
Person search,2026-07-19T02:03:00+00:00,False,,54.765363,-1.592962,Male,18-24,White - English/Welsh/Scottish/Northern Irish/British,White,Misuse of Drugs Act 1971 (section 23),Controlled drugs,A no further action disposal,False,False
Person search,2026-07-19T16:53:00+00:00,False,,54.631348,-1.645606,Female,over 34,White - English/Welsh/Scottish/Northern Irish/British,White,Misuse of Drugs Act 1971 (section 23),Controlled drugs,A no further action disposal,False,False
Person search,2026-07-19T18:16:00+00:00,False,,54.745919,-1.421145,Other,over 34,White - English/Welsh/Scottish/Northern Irish/British,White,Police and Criminal Evidence Act 1984 (section 1),Stolen goods,A no further action disposal,False,False
Vehicle search,2026-07-19T20:00:00+00:00,False,,54.646783,-1.641210,,,,,Misuse of Drugs Act 1971 (section 23),Controlled drugs,,False,False
Person search,2026-07-19T20:15:00+00:00,False,,54.646783,-1.641210,Male,25-34,White - English/Welsh/Scottish/Northern Irish/British,White,Police and Criminal Evidence Act 1984 (section 1),Stolen goods,A no further action disposal,False,False
Person search,2026-07-19T22:00:00+00:00,False,,54.640410,-1.695901,Male,25-34,White - English/Welsh/Scottish/Northern Irish/British,White,Police and Criminal Evidence Act 1984 (section 1),Offensive weapons,Arrest,True,False
Vehicle search,2026-07-19T23:39:00+00:00,False,,54.852243,-1.366138,,,,,Misuse of Drugs Act 1971 (section 23),Controlled drugs,A no further action disposal,False,False
Person search,2026-07-19T23:53:00+00:00,False,,54.852243,-1.366138,Female,over 34,Other ethnic group - Not stated,White,Misuse of Drugs Act 1971 (section 23),Controlled drugs,A no further action disposal,False,False
Person search,2026-07-19T23:53:00+00:00,False,,54.852243,-1.366138,Male,10-17,Other ethnic group - Not stated,White,Misuse of Drugs Act 1971 (section 23),Controlled drugs,A no further action disposal,False,False
Person and Vehicle search,2026-07-20T00:26:00+00:00,False,,54.632273,-1.724849,Male,over 34,White - English/Welsh/Scottish/Northern Irish/British,White,Misuse of Drugs Act 1971 (section 23),Controlled drugs,Arrest,False,False
Person search,2026-07-20T00:30:00+00:00,False,,54.632273,-1.724849,Female,over 34,White - English/Welsh/Scottish/Northern Irish/British,White,Misuse of Drugs Act 1971 (section 23),Controlled drugs,A no further action disposal,False,False
Person search,2026-07-20T01:00:00+00:00,False,,54.625853,-1.644197,Male,over 34,White - English/Welsh/Scottish/Northern Irish/British,White,Misuse of Drugs Act 1971 (section 23),Controlled drugs,A no further action disposal,False,False
Person search,2026-07-20T02:30:00+00:00,False,,54.644805,-1.696780,Male,10-17,White - English/Welsh/Scottish/Northern Irish/British,White,Police and Criminal Evidence Act 1984 (section 1),Article for use in theft,Arrest,True,False
Person search,2026-07-21T23:05:00+00:00,False,,54.615621,-1.591345,Other,10-17,White - English/Welsh/Scottish/Northern Irish/British,White,Police and Criminal Evidence Act 1984 (section 1),Article for use in theft,A no further action disposal,False,False
Person search,2026-07-21T23:57:00+00:00,False,,54.812025,-1.391483,Male,18-24,White - English/Welsh/Scottish/Northern Irish/British,White,Police and Criminal Evidence Act 1984 (section 1),Stolen goods,A no further action disposal,False,False
Person search,2026-07-22T00:14:00+00:00,False,,54.812025,-1.391483,Male,18-24,White - English/Welsh/Scottish/Northern Irish/British,White,Police and Criminal Evidence Act 1984 (section 1),Article for use in theft,A no further action disposal,False,False
Vehicle search,2026-07-22T00:15:00+00:00,False,,54.812025,-1.391483,,,,,Police and Criminal Evidence Act 1984 (section 1),Article for use in theft,A no further action disposal,False,False
Person search,2026-07-22T00:16:00+00:00,False,,54.812025,-1.391483,Male,10-17,White - English/Welsh/Scottish/Northern Irish/British,White,Police and Criminal Evidence Act 1984 (section 1),Stolen goods,A no further action disposal,False,False
Person search,2026-07-22T00:18:00+00:00,False,,54.812025,-1.391483,Male,10-17,Asian/Asian British - Indian,Asian,Police and Criminal Evidence Act 1984 (section 1),Stolen goods,A no further action disposal,False,False
Person search,2026-07-22T00:42:00+00:00,False,,54.617640,-1.582482,Male,18-24,White - English/Welsh/Scottish/Northern Irish/British,White,Police and Criminal Evidence Act 1984 (section 1),Article for use in theft,A no further action disposal,False,False
Person search,2026-07-22T02:54:00+00:00,False,,54.719104,-1.750808,Male,10-17,White - English/Welsh/Scottish/Northern Irish/British,White,Police and Criminal Evidence Act 1984 (section 1),Article for use in theft,A no further action disposal,False,False
Person and Vehicle search,2026-07-22T11:30:00+00:00,False,,54.745867,-1.414108,Female,18-24,White - English/Welsh/Scottish/Northern Irish/British,White,Misuse of Drugs Act 1971 (section 23),Controlled drugs,A no further action disposal,False,False
Person search,2026-07-22T14:30:00+00:00,False,,54.852974,-1.833640,Other,over 34,White - English/Welsh/Scottish/Northern Irish/British,White,Misuse of Drugs Act 1971 (section 23),Controlled drugs,A no further action disposal,False,False
Person search,2026-07-22T14:30:00+00:00,False,,54.852974,-1.833640,Male,over 34,White - English/Welsh/Scottish/Northern Irish/British,White,Misuse of Drugs Act 1971 (section 23),Controlled drugs,A no further action disposal,False,False
Person search,2026-07-22T14:40:00+00:00,False,,54.852974,-1.833640,Female,over 34,White - English/Welsh/Scottish/Northern Irish/British,White,Misuse of Drugs Act 1971 (section 23),Controlled drugs,A no further action disposal,False,False
Person search,2026-07-22T19:23:00+00:00,False,,54.660766,-1.679268,Male,over 34,White - English/Welsh/Scottish/Northern Irish/British,White,Police and Criminal Evidence Act 1984 (section 1),Stolen goods,A no further action disposal,False,False
Person search,2026-07-22T19:24:00+00:00,False,,54.661010,-1.676739,Female,over 34,White - English/Welsh/Scottish/Northern Irish/British,White,Police and Criminal Evidence Act 1984 (section 1),Stolen goods,A no further action disposal,False,False
Person search,2026-07-22T19:24:00+00:00,False,,54.661010,-1.676739,Male,over 34,White - English/Welsh/Scottish/Northern Irish/British,White,Police and Criminal Evidence Act 1984 (section 1),Stolen goods,Arrest,False,False
Person search,2026-07-22T20:25:00+00:00,False,,54.547750,-1.559775,Male,25-34,White - English/Welsh/Scottish/Northern Irish/British,White,Misuse of Drugs Act 1971 (section 23),Controlled drugs,Arrest,True,False
Person and Vehicle search,2026-07-22T22:16:00+00:00,False,,54.858559,-1.817884,Female,18-24,Other ethnic group - Not stated,White,Misuse of Drugs Act 1971 (section 23),Controlled drugs,,True,False
Person search,2026-07-23T12:14:00+00:00,False,,54.743585,-1.417962,Male,10-17,White - English/Welsh/Scottish/Northern Irish/British,White,Misuse of Drugs Act 1971 (section 23),Controlled drugs,A no further action disposal,False,False
Person search,2026-07-24T01:03:00+00:00,False,,54.617640,-1.582482,Male,18-24,White - English/Welsh/Scottish/Northern Irish/British,White,Police and Criminal Evidence Act 1984 (section 1),Article for use in theft,A no further action disposal,False,False
Person search,2026-07-24T01:35:00+00:00,False,,54.521749,-1.512472,Male,18-24,White - English/Welsh/Scottish/Northern Irish/British,White,Police and Criminal Evidence Act 1984 (section 1),Article for use in theft,A no further action disposal,False,False
Person search,2026-07-24T01:40:00+00:00,False,,54.523087,-1.549210,Male,10-17,White - English/Welsh/Scottish/Northern Irish/British,White,Police and Criminal Evidence Act 1984 (section 1),Article for use in theft,A no further action disposal,False,False
Person search,2026-07-24T02:05:00+00:00,False,,54.845419,-1.502272,Male,25-34,White - English/Welsh/Scottish/Northern Irish/British,White,Police and Criminal Evidence Act 1984 (section 1),Offensive weapons,A no further action disposal,False,False
Person and Vehicle search,2026-07-24T04:20:00+00:00,False,,54.755581,-1.589067,Other,over 34,White - English/Welsh/Scottish/Northern Irish/British,White,Misuse of Drugs Act 1971 (section 23),Controlled drugs,Arrest,True,False
Person search,2026-07-24T10:08:00+00:00,False,,54.754067,-1.333039,Female,18-24,White - English/Welsh/Scottish/Northern Irish/British,White,Misuse of Drugs Act 1971 (section 23),Controlled drugs,A no further action disposal,False,False
Person search,2026-07-24T13:15:00+00:00,False,,54.649240,-1.684225,Female,over 34,White - English/Welsh/Scottish/Northern Irish/British,White,Misuse of Drugs Act 1971 (section 23),Controlled drugs,Arrest,True,False
Person search,2026-07-24T14:16:00+00:00,False,,54.754200,-1.366210,Male,10-17,White - English/Welsh/Scottish/Northern Irish/British,White,Misuse of Drugs Act 1971 (section 23),Controlled drugs,A no further action disposal,True,False
Person search,2026-07-24T14:46:00+00:00,False,,54.754200,-1.366210,Male,10-17,White - English/Welsh/Scottish/Northern Irish/British,White,Police and Criminal Evidence Act 1984 (section 1),Articles for use in criminal damage,,False,False
Person search,2026-07-24T15:13:00+00:00,False,,54.754200,-1.366210,Male,10-17,White - English/Welsh/Scottish/Northern Irish/British,White,Police and Criminal Evidence Act 1984 (section 1),Articles for use in criminal damage,A no further action disposal,False,False
Person and Vehicle search,2026-07-24T17:30:00+00:00,False,,54.662806,-1.676136,Male,18-24,White - English/Welsh/Scottish/Northern Irish/British,White,Police and Criminal Evidence Act 1984 (section 1),Offensive weapons,A no further action disposal,False,False
Person search,2026-07-24T21:00:00+00:00,False,,54.776088,-1.578366,Male,18-24,White - English/Welsh/Scottish/Northern Irish/British,White,Police and Criminal Evidence Act 1984 (section 1),Offensive weapons,A no further action disposal,False,False
Person search,2026-07-24T21:04:00+00:00,False,,54.776088,-1.578366,Male,10-17,White - English/Welsh/Scottish/Northern Irish/British,White,Police and Criminal Evidence Act 1984 (section 1),Offensive weapons,A no further action disposal,False,False
Person search,2026-07-24T21:46:00+00:00,False,,54.877584,-1.761319,Other,25-34,White - English/Welsh/Scottish/Northern Irish/British,White,Police and Criminal Evidence Act 1984 (section 1),Offensive weapons,A no further action disposal,False,False
Person search,2026-07-25T00:00:00+00:00,False,,54.618634,-1.589472,Male,18-24,White - English/Welsh/Scottish/Northern Irish/British,White,Police and Criminal Evidence Act 1984 (section 1),Offensive weapons,A no further action disposal,False,False
Person search,2026-07-25T08:30:00+00:00,False,,54.756259,-1.623291,Male,18-24,White - English/Welsh/Scottish/Northern Irish/British,White,Misuse of Drugs Act 1971 (section 23),Controlled drugs,A no further action disposal,False,False
Person and Vehicle search,2026-07-25T23:00:00+00:00,False,,54.887817,-1.555641,Male,18-24,White - English/Welsh/Scottish/Northern Irish/British,White,Misuse of Drugs Act 1971 (section 23),Controlled drugs,A no further action disposal,False,False
Person search,2026-07-25T23:00:00+00:00,False,,54.887817,-1.555641,Male,18-24,White - English/Welsh/Scottish/Northern Irish/British,White,Misuse of Drugs Act 1971 (section 23),Controlled drugs,Community resolution,False,False
Person search,2026-07-25T23:00:00+00:00,False,,54.887817,-1.555641,Male,18-24,White - English/Welsh/Scottish/Northern Irish/British,White,Misuse of Drugs Act 1971 (section 23),Controlled drugs,A no further action disposal,False,False
Person search,2026-07-25T23:53:00+00:00,False,,54.618793,-1.591313,Male,18-24,White - English/Welsh/Scottish/Northern Irish/British,White,Police and Criminal Evidence Act 1984 (section 1),Offensive weapons,A no further action disposal,False,False
Person search,2026-07-26T00:12:00+00:00,,,54.618634,-1.589472,Male,25-34,White - English/Welsh/Scottish/Northern Irish/British,White,Police and Criminal Evidence Act 1984 (section 1),Offensive weapons,A no further action disposal,False,False
Person search,2026-07-26T14:00:00+00:00,False,,54.700123,-1.599170,Female,25-34,White - English/Welsh/Scottish/Northern Irish/British,White,Police and Criminal Evidence Act 1984 (section 1),Offensive weapons,A no further action disposal,False,False
Person search,2026-07-26T15:35:00+00:00,False,,54.824769,-1.323952,Male,over 34,White - English/Welsh/Scottish/Northern Irish/British,White,Police and Criminal Evidence Act 1984 (section 1),Offensive weapons,A no further action disposal,False,False
Person search,2026-07-26T18:17:00+00:00,False,,54.855859,-1.572706,Male,10-17,White - English/Welsh/Scottish/Northern Irish/British,White,Police and Criminal Evidence Act 1984 (section 1),Offensive weapons,Community resolution,False,False
Person and Vehicle search,2026-07-26T20:13:00+00:00,False,,54.748854,-1.291691,Female,over 34,White - English/Welsh/Scottish/Northern Irish/British,White,Misuse of Drugs Act 1971 (section 23),Controlled drugs,A no further action disposal,False,False
Person and Vehicle search,2026-07-26T20:43:00+00:00,False,,54.747664,-1.628140,Male,18-24,White - English/Welsh/Scottish/Northern Irish/British,White,Misuse of Drugs Act 1971 (section 23),Controlled drugs,Community resolution,False,False
Person and Vehicle search,2026-07-26T20:43:00+00:00,False,,54.747664,-1.628140,Male,18-24,White - English/Welsh/Scottish/Northern Irish/British,White,Misuse of Drugs Act 1971 (section 23),Controlled drugs,Community resolution,False,False
Person search,2026-07-27T02:57:00+00:00,False,,54.696096,-1.601847,Male,10-17,White - English/Welsh/Scottish/Northern Irish/British,White,Police and Criminal Evidence Act 1984 (section 1),Offensive weapons,,False,False
Person search,2026-07-27T03:04:00+00:00,False,,54.702593,-1.604468,Male,10-17,White - English/Welsh/Scottish/Northern Irish/British,White,Police and Criminal Evidence Act 1984 (section 1),Offensive weapons,A no further action disposal,False,False
Person search,2026-07-27T08:51:00+00:00,False,,54.839798,-1.868821,Male,25-34,White - English/Welsh/Scottish/Northern Irish/British,White,Police and Criminal Evidence Act 1984 (section 1),Articles for use in criminal damage,A no further action disposal,False,False
Person and Vehicle search,2026-07-27T12:05:00+00:00,False,,54.838796,-1.493635,Other,25-34,White - English/Welsh/Scottish/Northern Irish/British,White,Misuse of Drugs Act 1971 (section 23),Controlled drugs,Arrest,False,False
Person search,2026-07-27T16:20:00+00:00,False,,54.747003,-1.644240,Male,over 34,White - English/Welsh/Scottish/Northern Irish/British,White,Police and Criminal Evidence Act 1984 (section 1),Offensive weapons,Community resolution,True,False
Person search,2026-07-27T20:30:00+00:00,False,,54.747003,-1.644240,Male,over 34,White - English/Welsh/Scottish/Northern Irish/British,White,Police and Criminal Evidence Act 1984 (section 1),Offensive weapons,A no further action disposal,False,False
Person search,2026-07-28T10:46:00+00:00,False,,54.863032,-1.636677,Female,over 34,White - English/Welsh/Scottish/Northern Irish/British,White,Misuse of Drugs Act 1971 (section 23),Controlled drugs,A no further action disposal,False,False
Person search,2026-07-28T23:00:00+00:00,False,,54.520680,-1.547383,Female,10-17,Black/African/Caribbean/Black British - African,Black,Police and Criminal Evidence Act 1984 (section 1),Offensive weapons,,False,False
Person search,2026-07-29T03:23:00+00:00,False,,54.761563,-1.386064,Female,10-17,White - English/Welsh/Scottish/Northern Irish/British,White,Police and Criminal Evidence Act 1984 (section 1),Article for use in theft,A no further action disposal,False,False
Person search,2026-07-29T03:23:00+00:00,False,,54.761862,-1.386588,Other,10-17,White - English/Welsh/Scottish/Northern Irish/British,White,Police and Criminal Evidence Act 1984 (section 1),Article for use in theft,A no further action disposal,False,False
Person search,2026-07-29T08:25:00+00:00,False,,54.852363,-1.585452,Male,18-24,White - English/Welsh/Scottish/Northern Irish/British,White,Misuse of Drugs Act 1971 (section 23),Controlled drugs,,True,False
Person and Vehicle search,2026-07-29T15:55:00+00:00,False,,54.856001,-1.519277,Male,18-24,Other ethnic group - Any other ethnic group,Other,Misuse of Drugs Act 1971 (section 23),Controlled drugs,A no further action disposal,False,False
Person search,2026-07-29T18:48:00+00:00,False,,54.750728,-1.345414,Male,over 34,White - English/Welsh/Scottish/Northern Irish/British,White,Misuse of Drugs Act 1971 (section 23),Controlled drugs,A no further action disposal,False,False
Person search,2026-07-29T20:05:00+00:00,False,,54.782754,-1.630166,Male,10-17,White - English/Welsh/Scottish/Northern Irish/British,White,Police and Criminal Evidence Act 1984 (section 1),Article for use in theft,Community resolution,True,False
Person search,2026-07-29T22:44:00+00:00,False,,54.789148,-1.592273,Female,18-24,White - English/Welsh/Scottish/Northern Irish/British,White,Misuse of Drugs Act 1971 (section 23),Controlled drugs,,True,False
Person search,2026-07-30T01:07:00+00:00,False,,54.778392,-1.539864,Female,over 34,White - English/Welsh/Scottish/Northern Irish/British,White,Police and Criminal Evidence Act 1984 (section 1),Stolen goods,A no further action disposal,False,False
Person search,2026-07-30T02:00:00+00:00,False,,54.778392,-1.539864,Male,over 34,White - English/Welsh/Scottish/Northern Irish/British,White,Police and Criminal Evidence Act 1984 (section 1),Stolen goods,A no further action disposal,False,False
Person and Vehicle search,2026-07-30T02:57:00+00:00,False,,54.770673,-1.342605,Male,25-34,White - English/Welsh/Scottish/Northern Irish/British,White,Misuse of Drugs Act 1971 (section 23),Controlled drugs,A no further action disposal,False,False
Person and Vehicle search,2026-07-30T03:09:00+00:00,False,,54.770673,-1.342605,Female,25-34,White - English/Welsh/Scottish/Northern Irish/British,White,Misuse of Drugs Act 1971 (section 23),Controlled drugs,A no further action disposal,False,False
Person search,2026-07-30T15:37:00+00:00,False,,54.732026,-1.269684,Male,over 34,White - English/Welsh/Scottish/Northern Irish/British,White,Police and Criminal Evidence Act 1984 (section 1),Offensive weapons,A no further action disposal,False,False
Person search,2026-07-30T22:25:00+00:00,False,,54.744925,-1.283759,Male,10-17,White - English/Welsh/Scottish/Northern Irish/British,White,Misuse of Drugs Act 1971 (section 23),Controlled drugs,A no further action disposal,False,False
Person search,2026-07-30T22:34:00+00:00,False,,54.749061,-1.291811,Male,18-24,White - English/Welsh/Scottish/Northern Irish/British,White,Misuse of Drugs Act 1971 (section 23),Controlled drugs,A no further action disposal,False,False
Person search,2026-07-31T02:17:00+00:00,False,,54.524522,-1.548468,Male,25-34,White - English/Welsh/Scottish/Northern Irish/British,White,Misuse of Drugs Act 1971 (section 23),Controlled drugs,Arrest,False,False
Person search,2026-07-31T03:03:00+00:00,False,,54.826656,-1.367333,Male,25-34,White - English/Welsh/Scottish/Northern Irish/British,White,Misuse of Drugs Act 1971 (section 23),Controlled drugs,A no further action disposal,False,False
Person search,2026-07-31T19:30:00+00:00,False,,54.859053,-1.726845,Female,25-34,White - English/Welsh/Scottish/Northern Irish/British,White,Police and Criminal Evidence Act 1984 (section 1),Offensive weapons,A no further action disposal,True,False
Person search,2026-07-31T20:00:00+00:00,False,,54.761823,-1.334761,Male,25-34,White - English/Welsh/Scottish/Northern Irish/British,White,Misuse of Drugs Act 1971 (section 23),Controlled drugs,A no further action disposal,False,False
